0,0 0,9838699100965232 3,327345151678947
0,10260604299770061 0,9919609940646434 3,311162983742872
0,19283628290596178 1,015258341830767 3,264568288211101
0,25980762113533157 1,0509519494220658 3,193181073029234
0,2954423259036624 1,0947366409814847 3,1056116899112918
0,2954423259036624 1,1413313365137319 3,01242229884775
0,2598076211353316 1,1851160280731508 2,924852915729808
0,19283628290596183 1,2208096356644496 2,8534657005479405
0,10260604299770067 1,2441069834305731 2,80687100501617
3,6739403974420595e-17 1,2521980673986932 2,790688837080095
-0,1026060429977006 1,2441069834305731 2,80687100501617
-0,19283628290596166 1,2208096356644496 2,8534657005479405
-0,2598076211353315 1,1851160280731508 2,924852915729808
-0,2954423259036624 1,1413313365137319 3,01242229884775
-0,29544232590366243 1,0947366409814847 3,1056116899112913
-0,2598076211353317 1,0509519494220658 3,193181073029234
-0,19283628290596186 1,015258341830767 3,264568288211101
-0,10260604299770058 0,9919609940646434 3,311162983742872
0,9357158891840254 0,3040325224739774 3,327345151678947
0,9751179783276533 0,2089486591188173 3,311162983742872
1,0251577502712008 0,1303338778707859 3,264568288211101
1,0797996700098957 0,077670281578999 3,193181073029234
1,1324531155944024 0,05730987718814973 3,1056116899112918
1,1767673044051348 0,07170842995534055 3,01242229884775
1,2073972912637454 0,11912926191684128 2,924852915729808
1,2206486477046246 0,1938527208811521 2,8534657005479405
1,2149230645718094 0,28686605489637435 2,80687100501617
1,1909111316917251 0,386950483149662 2,790688837080095
1,1515090425480974 0,48203434650482213 2,80687100501617
1,10146927060455 0,5606491277528535 2,8534657005479405
1,046827350865855 0,6133127240446404 2,924852915729808
0,994173905281348 0,6336731284354897 3,01242229884775
0,9498597164706156 0,6192745756682989 3,1056116899112913
0,9192297296120051 0,5718537437067982 3,193181073029234
0,9059783731711261 0,4971302847424874 3,264568288211101
0,9117039563039413 0,40411695072726506 3,311162983742872
0,5783042233290578 -0,795967477522239 3,327345151678947
0,5000500106498725 -0,8628236208254988 3,311162983742872
0,4407460505920171 -0,9347075754210437 3,264568288211101
0,40754527597170453 -1,0029490754904697 3,193181073029234
0,40445219019939194 -1,0593171889881259 3,1056116899112918
0,43183986506830485 -1,0970130895214403 3,01242229884775
0,4864049427902196 -1,1114900951538544 2,924852915729808
0,5615660696970924 -1,1010020653482513 2,8534657005479405
0,6482577046238609 -1,066814011286021 2,80687100501617
0,7360235569660882 -1,0130495168490088 2,790688837080095
0,8142777696452737 -0,9461933735457493 2,80687100501617
0,873581729703129 -0,8743094189502043 2,8534657005479405
0,9067825043234418 -0,8060679188807781 2,924852915729808
0,9098755900957542 -0,7496998053831218 3,01242229884775
0,8824879152268412 -0,7120039048498074 3,1056116899112913
0,8279228375049266 -0,6975268992173933 3,193181073029234
0,7527617105980537 -0,7080149290229966 3,264568288211101
0,6660700756712853 -0,7422029830852271 3,311162983742872
-0,5783042233290578 -0,7959674775222391 3,327345151678947
-0,6660700756712854 -0,7422029830852273 3,311162983742872
-0,7527617105980537 -0,7080149290229967 3,264568288211101
-0,8279228375049267 -0,6975268992173935 3,193181073029234
-0,8824879152268411 -0,7120039048498075 3,1056116899112918
-0,909875590095754 -0,7496998053831219 3,01242229884775
-0,9067825043234417 -0,8060679188807782 2,924852915729808
-0,8735817297031292 -0,8743094189502043 2,8534657005479405
-0,8142777696452739 -0,9461933735457493 2,80687100501617
-0,7360235569660885 -1,0130495168490088 2,790688837080095
-0,6482577046238609 -1,066814011286021 2,80687100501617
-0,5615660696970927 -1,1010020653482513 2,8534657005479405
-0,4864049427902196 -1,1114900951538547 2,924852915729808
-0,4318398650683048 -1,0970130895214405 3,01242229884775
-0,4044521901993919 -1,059317188988126 3,1056116899112913
-0,4075452759717043 -1,0029490754904697 3,193181073029234
-0,44074605059201694 -0,9347075754210438 3,264568288211101
-0,5000500106498726 -0,8628236208254988 3,311162983742872
-0,9357158891840256 0,3040325224739774 3,327345151678947
-0,9117039563039415 0,40411695072726517 3,311162983742872
-0,9059783731711262 0,49713028474248744 3,264568288211101
-0,9192297296120054 0,5718537437067983 3,193181073029234
-0,9498597164706157 0,6192745756682988 3,1056116899112918
-0,9941739052813482 0,6336731284354896 3,01242229884775
-1,0468273508658552 0,6133127240446404 2,924852915729808
-1,1014692706045501 0,5606491277528537 2,8534657005479405
-1,1515090425480976 0,48203434650482246 2,80687100501617
-1,1909111316917254 0,38695048314966224 2,790688837080095
-1,2149230645718099 0,2868660548963744 2,80687100501617
-1,2206486477046248 0,1938527208811523 2,8534657005479405
-1,2073972912637458 0,11912926191684126 2,924852915729808
-1,176767304405135 0,07170842995534044 3,01242229884775
-1,1324531155944026 0,057309877188149616 3,1056116899112913
-1,0797996700098957 0,07767028157899886 3,193181073029234
-1,025157750271201 0,1303338778707857 3,264568288211101
-0,9751179783276536 0,20894865911881738 3,311162983742872
-0,7842614828729361 0,7527934155410388 1,6800000000000002
-0,8189343145784096 0,814126887165625 1,61
-0,8536071462838832 0,8754603587902111 1,54
-0,8882799779893567 0,9367938304147971 1,4700000000000002
-0,9229528096948303 0,9981273020393833 1,4000000000000001
-0,9576256414003038 1,0594607736639694 1,33
-0,9922984731057773 1,1207942452885553 1,2600000000000002
-1,026971304811251 1,1821277169131414 1,1900000000000002
-1,0616441365167244 1,2434611885377276 1,12
-1,096316968222198 1,3047946601623137 1,05
-1,1309897999276715 1,3661281317868998 0,9800000000000001
-1,165662631633145 1,427461603411486 0,9100000000000001
-1,2003354633386187 1,4887950750360721 0,8400000000000001
-1,2350082950440922 1,5501285466606585 0,77
-1,2696811267495656 1,6114620182852444 0,7000000000000001
-1,3043539584550394 1,6727954899098307 0,6300000000000001
-1,3390267901605126 1,7341289615344166 0,56
-1,3736996218659863 1,7954624331590026 0,49000000000000005
-1,40837245357146 1,856795904783589 0,42000000000000004
-1,4430452852769333 1,9181293764081748 0,35000000000000003
-1,4777181169824067 1,979462848032761 0,28
-1,5123909486878806 2,040796319657347 0,21000000000000002
-1,547063780393354 2,102129791281933 0,14
-1,5817366120988277 2,1634632629065194 0,07
-1,616409443804301 2,2247967345311057 0,0
-1,616409443804301 2,2247967345311057 0,0
-1,5687923401888286 2,172867826943199 0,07
-1,5211752365733555 2,120938919355292 0,14
-1,473558132957883 2,0690100117673857 0,21000000000000002
-1,4259410293424102 2,0170811041794794 0,28
-1,3783239257269377 1,9651521965915726 0,35000000000000003
-1,3307068221114648 1,9132232890036662 0,42000000000000004
-1,2830897184959922 1,8612943814157594 0,49000000000000005
-1,2354726148805195 1,809365473827853 0,56
-1,1878555112650468 1,7574365662399467 0,6300000000000001
-1,140238407649574 1,70550765865204 0,7000000000000001
-1,0926213040341015 1,6535787510641335 0,77
-1,0450042004186286 1,6016498434762272 0,8400000000000001
-0,997387096803156 1,5497209358883206 0,9100000000000001
-0,9497699931876833 1,497792028300414 0,9800000000000001
-0,9021528895722106 1,4458631207125074 1,05
-0,854535785956738 1,3939342131246009 1,12
-0,8069186823412652 1,3420053055366943 1,1900000000000002
-0,7593015787257924 1,2900763979487877 1,2600000000000002
-0,7116844751103198 1,2381474903608813 1,33
-0,6640673714948471 1,1862185827729748 1,4000000000000001
-0,6164502678793744 1,1342896751850682 1,4700000000000002
-0,5688331642639017 1,0823607675971616 1,54
-0,5212160606484291 1,030431860009255 1,61
-0,4735989570329563 0,9785029524213485 1,6800000000000002
0,4735989570329563 0,9785029524213485 1,6800000000000002
0,5212160606484291 1,030431860009255 1,61
0,5688331642639017 1,0823607675971616 1,54
0,6164502678793744 1,1342896751850682 1,4700000000000002
0,6640673714948471 1,1862185827729748 1,4000000000000001
0,7116844751103198 1,2381474903608813 1,33
0,7593015787257924 1,2900763979487877 1,2600000000000002
0,8069186823412652 1,3420053055366943 1,1900000000000002
0,854535785956738 1,3939342131246009 1,12
0,9021528895722106 1,4458631207125074 1,05
0,9497699931876833 1,497792028300414 0,9800000000000001
0,997387096803156 1,5497209358883206 0,9100000000000001
1,0450042004186286 1,6016498434762272 0,8400000000000001
1,0926213040341015 1,6535787510641335 0,77
1,140238407649574 1,70550765865204 0,7000000000000001
1,1878555112650468 1,7574365662399467 0,6300000000000001
1,2354726148805195 1,809365473827853 0,56
1,2830897184959922 1,8612943814157594 0,49000000000000005
1,3307068221114648 1,9132232890036662 0,42000000000000004
1,3783239257269377 1,9651521965915726 0,35000000000000003
1,4259410293424102 2,0170811041794794 0,28
1,473558132957883 2,0690100117673857 0,21000000000000002
1,5211752365733555 2,120938919355292 0,14
1,5687923401888286 2,172867826943199 0,07
1,616409443804301 2,2247967345311057 0,0
1,616409443804301 2,2247967345311057 0,0
1,5817366120988277 2,1634632629065194 0,07
1,547063780393354 2,102129791281933 0,14
1,5123909486878806 2,040796319657347 0,21000000000000002
1,4777181169824067 1,979462848032761 0,28
1,4430452852769333 1,9181293764081748 0,35000000000000003
1,40837245357146 1,856795904783589 0,42000000000000004
1,3736996218659863 1,7954624331590026 0,49000000000000005
1,3390267901605126 1,7341289615344166 0,56
1,3043539584550394 1,6727954899098307 0,6300000000000001
1,2696811267495656 1,6114620182852444 0,7000000000000001
1,2350082950440922 1,5501285466606585 0,77
1,2003354633386187 1,4887950750360721 0,8400000000000001
1,165662631633145 1,427461603411486 0,9100000000000001
1,1309897999276715 1,3661281317868998 0,9800000000000001
1,096316968222198 1,3047946601623137 1,05
1,0616441365167244 1,2434611885377276 1,12
1,026971304811251 1,1821277169131414 1,1900000000000002
0,9922984731057773 1,1207942452885553 1,2600000000000002
0,9576256414003038 1,0594607736639694 1,33
0,9229528096948303 0,9981273020393833 1,4000000000000001
0,8882799779893567 0,9367938304147971 1,4700000000000002
0,8536071462838832 0,8754603587902111 1,54
0,8189343145784096 0,814126887165625 1,61
0,7842614828729361 0,7527934155410388 1,6800000000000002
1,076961735355804 -0,1480453328525241 1,6800000000000002
1,1410635555414654 -0,17728497458913167 1,61
1,2051653757271266 -0,20652461632573924 1,54
1,2692671959127875 -0,23576425806234672 1,4700000000000002
1,3333690160984488 -0,2650038997989543 1,4000000000000001
1,3974708362841102 -0,29424354153556187 1,33
1,4615726564697713 -0,3234831832721693 1,2600000000000002
1,5256744766554322 -0,3527228250087769 1,1900000000000002
1,5897762968410936 -0,3819624667453845 1,12
1,653878117026755 -0,41120210848199207 1,05
1,717979937212416 -0,4404417502185996 0,9800000000000001
1,7820817573980772 -0,46968139195520703 0,9100000000000001
1,8461835775837383 -0,4989210336918146 0,8400000000000001
1,9102853977693994 -0,5281606754284222 0,77
1,9743872179550606 -0,5574003171650297 0,7000000000000001
2,038489038140722 -0,5866399589016373 0,6300000000000001
2,102590858326383 -0,6158796006382449 0,56
2,166692678512044 -0,6451192423748523 0,49000000000000005
2,2307944986977057 -0,6743588841114599 0,42000000000000004
2,2948963188833664 -0,7035985258480675 0,35000000000000003
2,3589981390690276 -0,7328381675846749 0,28
2,423099959254689 -0,7620778093212826 0,21000000000000002
2,48720177944035 -0,7913174510578901 0,14
2,551303599626012 -0,8205570927944977 0,07
2,6154054198116725 -0,8497967345311052 0,0
2,6154054198116725 -0,8497967345311052 0,0
2,5463593277160124 -0,8357739970552202 0,07
2,4773132356203518 -0,8217512595793349 0,14
2,4082671435246916 -0,80772852210345 0,21000000000000002
2,3392210514290306 -0,7937057846275648 0,28
2,270174959333371 -0,7796830471516798 0,35000000000000003
2,2011288672377107 -0,7656603096757947 0,42000000000000004
2,1320827751420497 -0,7516375721999095 0,49000000000000005
2,06303668304639 -0,7376148347240244 0,56
1,9939905909507294 -0,7235920972481396 0,6300000000000001
1,924944498855069 -0,7095693597722543 0,7000000000000001
1,8558984067594089 -0,6955466222963692 0,77
1,7868523146637483 -0,6815238848204841 0,8400000000000001
1,7178062225680881 -0,667501147344599 0,9100000000000001
1,648760130472428 -0,6534784098687141 0,9800000000000001
1,5797140383767674 -0,639455672392829 1,05
1,510667946281107 -0,6254329349169439 1,12
1,4416218541854466 -0,6114101974410586 1,1900000000000002
1,3725757620897863 -0,5973874599651736 1,2600000000000002
1,3035296699941261 -0,5833647224892885 1,33
1,2344835778984657 -0,5693419850134034 1,4000000000000001
1,1654374858028054 -0,5553192475375184 1,4700000000000002
1,096391393707145 -0,5412965100616333 1,54
1,0273453016114849 -0,5272737725857481 1,61
0,9582992095158244 -0,5132510351098631 1,6800000000000002
0,19200000000000014 -1,0699999999999998 1,6800000000000002
0,18400000000000014 -1,14 1,61
0,17600000000000013 -1,21 1,54
0,16800000000000018 -1,2799999999999998 1,4700000000000002
0,16000000000000017 -1,3499999999999999 1,4000000000000001
0,15200000000000016 -1,42 1,33
0,1440000000000002 -1,4899999999999998 1,2600000000000002
0,1360000000000002 -1,5599999999999998 1,1900000000000002
0,1280000000000002 -1,63 1,12
0,1200000000000002 -1,7 1,05
0,11200000000000022 -1,77 0,9800000000000001
0,10400000000000023 -1,8399999999999999 0,9100000000000001
0,09600000000000024 -1,91 0,8400000000000001
0,08800000000000023 -1,98 0,77
0,08000000000000025 -2,05 0,7000000000000001
0,07200000000000027 -2,12 0,6300000000000001
0,06400000000000027 -2,19 0,56
0,05600000000000028 -2,26 0,49000000000000005
0,048000000000000285 -2,33 0,42000000000000004
0,04000000000000029 -2,4 0,35000000000000003
0,032000000000000306 -2,4699999999999998 0,28
0,024000000000000313 -2,54 0,21000000000000002
0,01600000000000032 -2,61 0,14
0,008000000000000328 -2,68 0,07
3,3677786976552215e-16 -2,75 0,0
3,3677786976552215e-16 -2,75 0,0
-0,007999999999999672 -2,68 0,07
-0,01599999999999968 -2,61 0,14
-0,023999999999999688 -2,54 0,21000000000000002
-0,031999999999999695 -2,4699999999999998 0,28
-0,03999999999999971 -2,4 0,35000000000000003
-0,047999999999999717 -2,33 0,42000000000000004
-0,055999999999999724 -2,26 0,49000000000000005
-0,06399999999999974 -2,19 0,56
-0,07199999999999974 -2,12 0,6300000000000001
-0,07999999999999975 -2,05 0,7000000000000001
-0,08799999999999976 -1,98 0,77
-0,09599999999999977 -1,91 0,8400000000000001
-0,10399999999999979 -1,8399999999999999 0,9100000000000001
-0,11199999999999978 -1,77 0,9800000000000001
-0,11999999999999979 -1,7 1,05
-0,1279999999999998 -1,63 1,12
-0,13599999999999982 -1,5599999999999998 1,1900000000000002
-0,14399999999999982 -1,4899999999999998 1,2600000000000002
-0,15199999999999983 -1,42 1,33
-0,15999999999999984 -1,3499999999999999 1,4000000000000001
-0,16799999999999984 -1,2799999999999998 1,4700000000000002
-0,17599999999999985 -1,21 1,54
-0,18399999999999986 -1,14 1,61
-0,19199999999999987 -1,0699999999999998 1,6800000000000002
-0,9582992095158241 -0,5132510351098634 1,6800000000000002
-1,0273453016114846 -0,5272737725857485 1,61
-1,096391393707145 -0,5412965100616336 1,54
-1,1654374858028052 -0,5553192475375186 1,4700000000000002
-1,2344835778984655 -0,5693419850134038 1,4000000000000001
-1,303529669994126 -0,5833647224892888 1,33
-1,372575762089786 -0,597387459965174 1,2600000000000002
-1,4416218541854466 -0,6114101974410591 1,1900000000000002
-1,5106679462811068 -0,6254329349169442 1,12
-1,5797140383767672 -0,6394556723928293 1,05
-1,6487601304724278 -0,6534784098687143 0,9800000000000001
-1,717806222568088 -0,6675011473445994 0,9100000000000001
-1,786852314663748 -0,6815238848204845 0,8400000000000001
-1,8558984067594086 -0,6955466222963697 0,77
-1,9249444988550688 -0,7095693597722548 0,7000000000000001
-1,9939905909507294 -0,72359209724814 0,6300000000000001
-2,0630366830463895 -0,7376148347240249 0,56
-2,1320827751420497 -0,75163757219991 0,49000000000000005
-2,2011288672377103 -0,7656603096757952 0,42000000000000004
-2,2701749593333704 -0,7796830471516802 0,35000000000000003
-2,3392210514290306 -0,7937057846275654 0,28
-2,408267143524691 -0,8077285221034505 0,21000000000000002
-2,4773132356203518 -0,8217512595793355 0,14
-2,546359327716012 -0,8357739970552207 0,07
-2,615405419811672 -0,8497967345311058 0,0
-2,615405419811672 -0,8497967345311058 0,0
-2,5513035996260114 -0,8205570927944983 0,07
-2,48720177944035 -0,7913174510578906 0,14
-2,4230999592546887 -0,7620778093212832 0,21000000000000002
-2,3589981390690276 -0,7328381675846755 0,28
-2,294896318883366 -0,7035985258480679 0,35000000000000003
-2,2307944986977053 -0,6743588841114605 0,42000000000000004
-2,166692678512044 -0,6451192423748529 0,49000000000000005
-2,1025908583263826 -0,6158796006382453 0,56
-2,038489038140722 -0,5866399589016378 0,6300000000000001
-1,9743872179550603 -0,5574003171650301 0,7000000000000001
-1,9102853977693992 -0,5281606754284226 0,77
-1,846183577583738 -0,49892103369181506 0,8400000000000001
-1,782081757398077 -0,46968139195520753 0,9100000000000001
-1,7179799372124158 -0,44044175021859994 0,9800000000000001
-1,6538781170267547 -0,4112021084819924 1,05
-1,5897762968410933 -0,3819624667453848 1,12
-1,5256744766554322 -0,3527228250087773 1,1900000000000002
-1,461572656469771 -0,3234831832721696 1,2600000000000002
-1,39747083628411 -0,2942435415355622 1,33
-1,3333690160984486 -0,2650038997989546 1,4000000000000001
-1,2692671959127877 -0,23576425806234702 1,4700000000000002
-1,2051653757271266 -0,20652461632573954 1,54
-1,1410635555414652 -0,17728497458913198 1,61
-1,076961735355804 -0,14804533285252436 1,6800000000000002
-1,5576309185750539 2,143895035093611 0,0
-1,5106080983916559 2,0791736755436148 0,06
-1,463585278208258 2,014452315993619 0,12
-1,4165624580248604 1,9497309564436234 0,18
-1,3695396378414624 1,8850095968936276 0,24
-1,3225168176580646 1,8202882373436318 0,3
-1,2754939974746666 1,755566877793636 0,36
-1,2284711772912689 1,6908455182436402 0,42
-1,1814483571078709 1,6261241586936441 0,48
-1,1344255369244731 1,5614027991436485 0,54
-1,0874027167410751 1,4966814395936527 0,6
-1,0403798965576774 1,431960080043657 0,6599999999999999
-0,9933570763742796 1,3672387204936611 0,72
-0,9463342561908816 1,3025173609436653 0,78
-0,8993114360074838 1,2377960013936695 0,84
-0,852288615824086 1,1730746418436737 0,8999999999999999
-0,8052657956406881 1,108353282293678 0,96
-0,7582429754572902 1,043631922743682 1,02
-0,7112201552738925 0,9789105631936864 1,08
-0,6641973350904946 0,9141892036436905 1,14
-0,6171745149070967 0,8494678440936947 1,2
-0,570151694723699 0,784746484543699 1,26
-0,523128874540301 0,7200251249937032 1,3199999999999998
-0,4761060543569031 0,6553037654437073 1,38
-0,42908323417350536 0,5905824058937116 1,44
-0,29727608384917004 0,5429782555490453 1,414043488913015
-0,19924790481424615 0,5518695991721323 1,3962608016670228
-0,09994392660901877 0,5572272806601224 1,3855454386911523
0,0 0,5590169943795209 1,3819660112523917
0,09994392660901877 0,5572272806601224 1,3855454386911523
0,19924790481424615 0,5518695991721323 1,3962608016670228
0,29727608384917004 0,5429782555490453 1,414043488913015
1,5576309185750539 2,143895035093611 0,0
1,5106080983916559 2,0791736755436148 0,06
1,463585278208258 2,014452315993619 0,12
1,4165624580248604 1,9497309564436234 0,18
1,3695396378414624 1,8850095968936276 0,24
1,3225168176580646 1,8202882373436318 0,3
1,2754939974746666 1,755566877793636 0,36
1,2284711772912689 1,6908455182436402 0,42
1,1814483571078709 1,6261241586936441 0,48
1,1344255369244731 1,5614027991436485 0,54
1,0874027167410751 1,4966814395936527 0,6
1,0403798965576774 1,431960080043657 0,6599999999999999
0,9933570763742796 1,3672387204936611 0,72
0,9463342561908816 1,3025173609436653 0,78
0,8993114360074838 1,2377960013936695 0,84
0,852288615824086 1,1730746418436737 0,8999999999999999
0,8052657956406881 1,108353282293678 0,96
0,7582429754572902 1,043631922743682 1,02
0,7112201552738925 0,9789105631936864 1,08
0,6641973350904946 0,9141892036436905 1,14
0,6171745149070967 0,8494678440936947 1,2
0,570151694723699 0,784746484543699 1,26
0,523128874540301 0,7200251249937032 1,3199999999999998
0,4761060543569031 0,6553037654437073 1,38
0,42908323417350536 0,5905824058937116 1,44
0,42453964621586937 0,45051586522417575 1,414043488913015
0,46328818975664693 0,3600331030548246 1,3962608016670228
0,4990702645224886 0,2672450221189482 1,3855454386911523
0,5316567552243746 0,17274575140767645 1,3819660112523917
0,5608390081359872 0,07714037678768441 1,3855454386911523
0,5864301671190548 -0,018958933408666 1,3962608016670228
0,6082663700771201 -0,11493684814273952 1,414043488913015
2,520299768182157 -0,8188950350936104 0,0
2,4442152468785445 -0,7941736755436146 0,06
2,3681307255749324 -0,7694523159936189 0,12
2,2920462042713203 -0,7447309564436231 0,18
2,2159616829677082 -0,7200095968936273 0,24
2,1398771616640957 -0,6952882373436315 0,3
2,063792640360483 -0,6705668777936357 0,36
1,987708119056871 -0,6458455182436399 0,42
1,9116235977532585 -0,6211241586936441 0,48
1,8355390764496464 -0,5964027991436484 0,54
1,759454555146034 -0,5716814395936526 0,6
1,683370033842422 -0,5469600800436568 0,6599999999999999
1,6072855125388097 -0,5222387204936609 0,72
1,5312009912351972 -0,49751736094366517 0,78
1,4551164699315848 -0,4727960013936694 0,84
1,3790319486279727 -0,4480746418436736 0,8999999999999999
1,3029474273243604 -0,4233532822936778 0,96
1,226862906020748 -0,39863192274368203 1,02
1,1507783847171358 -0,37391056319368626 1,08
1,0746938634135235 -0,34918920364369044 1,14
0,9986093421099111 -0,32446784409369467 1,2
0,922524820806299 -0,2997464845436989 1,26
0,8464402995026866 -0,27502512499370313 1,3199999999999998
0,7703557781990743 -0,2503037654437073 1,38
0,6942712568954621 -0,22558240589371156 1,44
0,559656014782433 -0,264544138369438 1,414043488913015
0,48557575267026487 -0,3293569044091571 1,3962608016670228
0,4083863128583175 -0,39206077366639513 1,3855454386911523
0,3285819450771468 -0,45225424859743696 1,3819660112523917
0,2466736426358001 -0,50955190590036 1,3855454386911523
0,16318587049361077 -0,5635868644091337 1,3962608016670228
0,07865320707201219 -0,6140131342610438 1,414043488913015
3,245314017740486e-16 -2,65 0,0
3,1473422738086974e-16 -2,57 0,06
3,0493705298769094e-16 -2,4899999999999998 0,12
2,9513987859451214e-16 -2,41 0,18
2,853427042013333e-16 -2,33 0,24
2,755455298081545e-16 -2,25 0,3
2,657483554149756e-16 -2,17 0,36
2,559511810217968e-16 -2,09 0,42
2,4615400662861797e-16 -2,01 0,48
2,3635683223543916e-16 -1,93 0,54
2,265596578422603e-16 -1,8499999999999999 0,6
2,1676248344908153e-16 -1,77 0,6599999999999999
2,0696530905590268e-16 -1,69 0,72
1,9716813466272385e-16 -1,6099999999999999 0,78
1,8737096026954502e-16 -1,5299999999999998 0,84
1,7757378587636622e-16 -1,45 0,8999999999999999
1,6777661148318736e-16 -1,3699999999999999 0,96
1,5797943709000853e-16 -1,2899999999999998 1,02
1,4818226269682973e-16 -1,21 1,08
1,383850883036509e-16 -1,13 1,14
1,2858791391047207e-16 -1,0499999999999998 1,2
1,1879073951729327e-16 -0,97 1,26
1,0899356512411443e-16 -0,8899999999999999 1,3199999999999998
9,919639073093559e-17 -0,8099999999999998 1,38
8,939921633775678e-17 -0,73 1,44
-0,07865320707201223 -0,6140131342610436 1,414043488913015
-0,16318587049361077 -0,5635868644091339 1,3962608016670228
-0,24667364263580027 -0,5095519059003601 1,3855454386911523
-0,3285819450771468 -0,452254248597437 1,3819660112523917
-0,4083863128583175 -0,392060773666395 1,3855454386911523
-0,4855757526702648 -0,3293569044091571 1,3962608016670228
-0,5596560147824332 -0,2645441383694381 1,414043488913015
-2,5202997681821566 -0,8188950350936111 0,0
-2,4442152468785445 -0,7941736755436152 0,06
-2,368130725574932 -0,7694523159936194 0,12
-2,2920462042713203 -0,7447309564436236 0,18
-2,215961682967708 -0,7200095968936279 0,24
-2,1398771616640953 -0,695288237343632 0,3
-2,063792640360483 -0,6705668777936362 0,36
-1,9877081190568708 -0,6458455182436403 0,42
-1,9116235977532583 -0,6211241586936446 0,48
-1,8355390764496462 -0,5964027991436488 0,54
-1,7594545551460339 -0,5716814395936529 0,6
-1,6833700338424218 -0,5469600800436571 0,6599999999999999
-1,6072855125388095 -0,5222387204936614 0,72
-1,5312009912351972 -0,49751736094366555 0,78
-1,4551164699315846 -0,47279600139366973 0,84
-1,3790319486279725 -0,44807464184367396 0,8999999999999999
-1,3029474273243602 -0,42335328229367813 0,96
-1,2268629060207479 -0,3986319227436823 1,02
-1,1507783847171358 -0,37391056319368654 1,08
-1,0746938634135235 -0,3491892036436907 1,14
-0,998609342109911 -0,3244678440936949 1,2
-0,9225248208062989 -0,2997464845436991 1,26
-0,8464402995026865 -0,2750251249937033 1,3199999999999998
-0,7703557781990742 -0,25030376544370747 1,38
-0,6942712568954621 -0,2255824058937117 1,44
-0,6082663700771203 -0,11493684814273948 1,414043488913015
-0,5864301671190549 -0,018958933408666 1,3962608016670228
-0,5608390081359873 0,07714037678768454 1,3855454386911523
-0,5316567552243747 0,17274575140767645 1,3819660112523917
-0,4990702645224886 0,26724502211894824 1,3855454386911523
-0,463288189756647 0,36003310305482455 1,3962608016670228
-0,4245396462158696 0,45051586522417597 1,414043488913015
-0,33915299790222775 0,6222664326729189 1,4703108572086179
-0,2930616301963114 0,7024345062805799 1,5084352541094257
-0,24509376705120423 0,7781048394420323 1,5529087139089817
-0,1955565502662583 0,8487929093797153 1,6034464697327442
-0,14476717032903397 0,9140460951184618 1,6597249245671883
-0,09305083542098974 0,973446575651307 1,7213837232755789
-0,040738689085283386 1,0266140052785055 1,788028059978739
0,011834310109993973 1,0732079489893664 1,859231206026496
0,0643315333364674 1,1129300622929759 1,9345372423729985
0,11641683696493244 1,1455260015401858 2,0134639788603157
0,16775671491804284 1,1707870525049398 2,0955060417179223
0,21802243413455435 1,188551466797 2,180138109508581
0,2668921394715939 1,1987054975489362 2,266818276800617
0,31405291456710394 1,2011841277457855 2,354991524028751
0,35920278546660966 1,195971486533842 2,444093271325699
0,40205265418493225 1,1831009508429127 2,533552993569102
0,4423281498221139 1,1626549316713526 2,6227978734963626
0,4797713853807219 1,1347643464023054 2,7112564694962327
0,514142609035492 1,0996077805299505 2,798362374591997
0,5452217392821198 1,0574103441632872 2,883557843187517
0,5728097741355187 1,008442230629346 2,966297362353816
0,5967300653543481 0,9530169864051954 3,0460511447889798
0,6168294495328551 0,8914895034565065 3,122308521085697
0,6329792288175672 0,8242537468378658 3,1945812095855013
0,6450759949692296 0,7517402321052031 3,2624064428825834
0,6530422914934614 0,6744132686926283 3,325349930957951
0,6568271096004565 0,5927679869045505 3,383008641970755
0,6564062148180623 0,5073271675594767 3,435013382901177
0,6517823021669097 0,41863789458550166 3,481031163520824
0,6429849789039958 0,327268052001183 3,520767328553956
0,6300705749452116 0,23380268771188473 3,553967444377154
0,6131217821806978 0,13884026740447858 3,5804189281767598
0,5922471249925135 0,042988842526988924 3,599952409132455
0,5675802653649387 -0,05313784311010139 3,6124428129112403
0,5392791470368357 -0,1489242831811737 3,6178101625276975
0,5075249841761285 -0,24375714997830042 3,6160200904425857
0,4725211010519953 -0,33702922159422827 3,607084058620753
0,43449163013442904 -0,42814327000946756 3,5910592851393215
0,39368007695734764 -0,516515885187763 3,5680483778160794
0,35034776093452724 -0,6015812106940015 3,538198677203985
0,30477214211193693 -0,6827945669150979 3,501701313158631
0,2572450445704088 -0,7596359386841107 3,458789981019555
0,20807078785431557 -0,8316133049760809 3,409739445241573
0,1575642383908718 -0,8982657893552847 3,3548637800575203
0,10604879337695275 -0,9591666110013737 3,2945143584375507
0,05385431004276561 -1,0139258174187393 3,2290776022218486
0,0013149935514423228 -1,0621927813313818 3,1589725078328104
-0,05123274294150404 -1,1036584457754646 3,0846479634097568
-0,10345243236666202 -1,1380573030140635 3,0065798745447534
-0,15500970816442322 -1,1651690946029798 2,9252681170236645
-0,20557444525895768 -1,1848202217219563 2,84123333608428
-0,2548228738736526 -1,196884856740848 2,7550136126860942
-0,30243965265310707 -1,2012857489033106 2,667161018137848
-0,3481198878173031 -1,1979947189691413 2,5782380791438397
-0,3915710854191838 -1,1870328396480556 2,4888141759035545
-0,43251502420517707 -1,1684703006695563 2,3994618963278436
-0,47068953708659644 -1,1424259593528672 2,3107533697158993
-0,5058501898150297 -1,1090665795546737 2,223256603368759
-0,5377718461130335 -1,0686057638677247 2,137531845596255
-0,5662501092384811 -1,0213025859075315 2,054127998405374
-0,5911026307521198 -0,9674599314447159 1,973579102839838
-0,612170278108207 -0,9074225590048668 1,8964009194755342
-0,629318153592048 -0,8415748923540332 1,8230876259671462
-0,6424364580801074 -0,770338559004724 1,7541086527918348
-0,6514411940919751 -0,694169690503554 1,6899056774509387
-0,6562747036324831 -0,613556001786985 1,6308897963760485
-0,6569060373801465 -0,5290136683062747 1,5774388926479435
-0,6533311528579704 -0,44108402091762916 1,52989521638309
-0,6455729403177324 -0,3503300797004211 1,4885631932806604
-0,6966145857103182 -0,13026276595094427 1,4703108572086179
-0,7586159385986009 -0,061653973198207535 1,5084352541094257
-0,8157598171463357 0,007349594535603687 1,5529087139089817
-0,8676803248443125 0,07630610226836107 1,6034464697327442
-0,9140450108157969 0,14477401634662623 1,6597249245671883
-0,9545569985242508 0,21231493161851156 1,7213837232755789
-0,9889568866958995 0,27849637857450915 1,788028059978739
-1,0170244102854022 0,3428945924819633 1,859231206026496
-1,038579850849339 0,4050972267822046 1,9345372423729985
-1,053485187296784 0,46470599337626906 2,0134639788603157
-1,0616449796486305 0,5213392128932532 2,0955060417179223
-1,0630069801468798 0,5746342586117429 2,180138109508581
-1,0575624678009288 0,6242498783857124 2,266818276800617
-1,0453463042287208 0,6698683797074249 2,354991524028751
-1,026436710435211 0,7111976639162149 2,444093271325699
-1,0009547659574463 0,747973096527961 2,533552993569102
-0,9690636335832753 0,7799592017093916 2,6227978734963626
-0,9309675146078682 0,806951170047381 2,7112564694962327
-0,8869103413176189 0,8287761699588683 2,798362374591997
-0,8371742150735533 0,845294454344355 2,883557843187517
-0,7820775999953089 0,8564002553989881 2,966297362353816
-0,7219732838116641 0,8620224618516892 3,0460511447889798
-0,6572461189344451 0,8621250742959183 3,122308521085697
-0,5883105582198713 0,8567074356965544 3,1945812095855013
-0,5156080011960646 0,8458042355969407 3,2624064428825834
-0,4396039677490007 0,8294852879991553 3,325349930957951
-0,3607851173640157 0,8078550843397575 3,383008641970755
-0,27965613300888986 0,7810521244233393 3,435013382901177
-0,19673648961122273 0,749248029597964 3,481031163520824
-0,11255712782179446 0,7126464438508966 3,520767328553956
-0,027657054362044464 0,6714817298609884 3,553967444377154
0,057420109276099474 0,6260174683569963 3,5804189281767598
0,1421296076791113 0,5765447703905483 3,599952409132455
0,22592903962133987 0,5233804133304063 3,6124428129112403
0,30828183110044827 0,4668648125133849 3,6178101625276975
0,3886606710606976 0,40735984153960403 3,6160200904425857
0,46655088780490245 0,34524651516888427 3,607084058620753
0,5414537444756321 0,2809225496548652 3,5910592851393215
0,612889632504439 0,21479981613822502 3,5680483778160794
0,6804011425812381 0,1473017034050964 3,538198677203985
0,7435559934801761 0,07886040689714277 3,501701313158631
0,8019497999885062 0,009914161331968763 3,458789981019555
0,8552086622152184 -0,059095565346411694 3,409739445241573
0,9029915596998781 -0,12772689871968806 3,3548637800575203
0,9449925349920308 -0,19554038725005962 3,2945143584375507
0,980942652719534 -0,26210181612114875 3,2290776022218486
1,010611721601773 -0,32698498754780403 3,1589725078328104
1,033809768381569 -0,38977444975225184 3,0846479634097568
1,0503882542380896 -0,4500681571327622 3,0065798745447534
1,0602410258919803 -0,5074800445915764 2,9252681170236645
1,063304995312715 -0,5616424995384708 2,84123333608428
1,0595605436759523 -0,6122087157415417 2,7550136126860942
1,0490316469843308 -0,6588549139533391 2,667161018137848
1,0317857225473361 -0,7012824150934878 2,5782380791438397
1,0079331973032513 -0,7392195527130819 2,4888141759035545
0,9776268007472473 -0,7724234124951871 2,3994618963278436
0,9410605869930511 -0,8006813876532958 2,3107533697158993
0,8984686922300125 -0,823812540268413 2,223256603368759
0,8501238355316432 -0,8416687598480241 2,137531845596255
0,7963355726150876 -0,8541357116886068 2,054127998405374
0,7374483137328152 -0,8611335689692502 1,973579102839838
0,6738391183881283 -0,8626175238887339 1,8964009194755342
0,6059152809950894 -0,8585780745732148 1,8230876259671462
0,5341117229420597 -0,8490410859174323 1,7541086527918348
0,45888820775766614 -0,8340676239698644 1,6899056774509387
0,3807263972106935 -0,8137535649222677 1,6308897963760485
0,3001267671939158 -0,7882289812072865 1,5774388926479435
0,21760540313968965 -0,7576573086349799 1,52989521638309
0,13369069548650303 -0,7222342999011615 1,4885631932806604
-0,09137849312567572 -0,7027732494991749 1,4703108572086179
-0,17578880426502727 -0,7405387572585471 1,5084352541094257
-0,25907352660163047 -0,7735625402154986 1,5529087139089817
-0,3406993818570766 -0,8016331446288426 1,6034464697327442
-0,4201437136023938 -0,8245708323284138 1,6597249245671883
-0,49689783386608044 -0,8422287315919571 1,7213837232755789
-0,5704702803010612 -0,8544937775757007 1,788028059978739
-0,6403899630546906 -0,8612874362769687 1,859231206026496
-0,7062091811921551 -0,862566207393249 1,9345372423729985
-0,7675064893588939 -0,8583219028578678 2,0134639788603157
-0,8238893963265868 -0,8485816992687916 2,0955060417179223
-0,8749968781437107 -0,833407963874846 2,180138109508581
-0,920501689798784 -0,8128978552335775 2,266818276800617
-0,9601124605945413 -0,7871827010977764 2,354991524028751
-0,9935755598162038 -0,7564271575140963 2,444093271325699
-1,02067672074783 -0,7208281545181267 2,533552993569102
-1,041242412638052 -0,6806136351767134 2,6227978734963626
-1,0551409518303985 -0,6360410960515278 2,7112564694962327
-1,0622833449435507 -0,5873959384294101 2,798362374591997
-1,0626238587025902 -0,5349896408766793 2,883557843187517
-1,056160312772564 -0,47915776481868033 2,966297362353816
-1,0429340937193308 -0,42025780591499173 3,0460511447889798
-1,023029890008298 -0,3586669049881005 3,122308521085697
-0,9965751497378713 -0,29477943316263017 3,1945812095855013
-0,9637392645797939 -0,22900446667767005 3,2624064428825834
-0,9247324851516563 -0,161763167541155 3,325349930957951
-0,879804574766538 -0,09348608679816733 3,383008641970755
-0,8292432101799174 -0,024610407680541097 3,435013382901177
-0,7733721395739858 0,044422853709927324 3,481031163520824
-0,7125491095739311 0,11317167226041464 3,520767328553956
-0,6471635745696586 0,18119584416678136 3,553967444377154
-0,5776342030103352 0,24805980559130694 3,5804189281767598
-0,5044061966391347 0,31333542161037387 3,599952409132455
-0,4279484398333288 0,376604727594261 3,6124428129112403
-0,34875049730270413 0,43746260546579274 3,6178101625276975
-0,2673194793702747 0,49551937770154697 3,6160200904425857
-0,18417679490712668 0,5504033024660548 3,607084058620753
-0,0998548127125877 0,6017629539024543 3,5910592851393215
-0,014893452717171962 0,6492694723384143 3,5680483778160794
0,07016327116494128 0,6926186699991072 3,538198677203985
0,1547707343975071 0,7315329787441786 3,501701313158631
0,2383871890936681 0,7657632273572171 3,458789981019555
0,3204772328680173 0,7950902370076078 3,409739445241573
0,4005152370579326 0,8193262246689019 3,3548637800575203
0,47798871236304663 0,8383160055075201 3,2945143584375507
0,5524015903523909 0,8519379865427941 3,2290776022218486
0,6232773998274996 0,8601049452158778 3,1589725078328104
0,69016231770297 0,8627645878822846 3,0846479634097568
0,7526280748694671 0,8598998846519879 3,0065798745447534
0,8102746984327244 0,8515291784330732 2,9252681170236645
0,8627330727697632 0,8377060674807342 2,84123333608428
0,9096673030037085 0,8185190622036522 2,7550136126860942
0,9507768657637045 0,7940910184252594 2,667161018137848
0,9857985334584254 0,7645783507287535 2,5782380791438397
1,014508059741947 0,7301700309228762 2,4888141759035545
1,036721615379797 0,6910863780413503 2,3994618963278436
1,052296965321229 0,6475776476236998 2,3107533697158993
1,0611343794408459 0,5999224293104028 2,223256603368759
1,0631772711180145 0,5484258630126728 2,137531845596255
1,058412559565215 0,4934176850788916 2,054127998405374
1,0468707535852952 0,43525011696821736 1,973579102839838
1,0286257562213343 0,3742956099503549 1,8964009194755342
1,0037943915499563 0,3109444602723445 1,8230876259671462
0,9725356566480673 0,24560231006263106 1,7541086527918348
0,9350497035227358 0,17868754997431122 1,6899056774509387
0,8915765575229848 0,11062864019862922 1,6308897963760485
0,8423945804396132 0,04186136700246956 1,5774388926479435
0,7878186881339215 -0,027173947643557655 1,52989521638309
0,7281983341080033 -0,09603526547948152 1,4885631932806604
0,6401395711179019 -0,3040749886237558 1,4703108572086179
0,6499724827211115 -0,39602414877418246 1,5084352541094257
0,6556435721212279 -0,48543753681248925 1,5529087139089817
0,6571165269105597 -0,5717426321574459 1,6034464697327442
0,6543819156499159 -0,6543868168573764 1,6597249245671883
0,6474572482588145 -0,7328409140440533 1,7213837232755789
0,636386863898164 -0,8066025762915848 1,788028059978739
0,6212416470633138 -0,875199502184389 1,859231206026496
0,6021185737053538 -0,9381924604983232 1,9345372423729985
0,579140090286878 -0,9951781026309168 2,0134639788603157
0,5524533297481669 -1,0457915452725082 2,0955060417179223
0,5222291694040164 -1,089708706781242 2,180138109508581
0,48866113680356776 -1,1266483823019546 2,266818276800617
0,45196417055900007 -1,1563740443417998 2,354991524028751
0,4123732440775926 -1,1786953572733967 2,444093271325699
0,3701418610095022 -1,193469396068024 2,533552993569102
0,32554043204501587 -1,2006015614552215 2,6227978734963626
0,2788545434547663 -1,2000461856489615 2,7112564694962327
0,2303831284595758 -1,191806824761884 2,798362374591997
0,1804365531387867 -1,1759362360352428 2,883557843187517
0,12933462913314447 -1,152536040030361 2,966297362353816
0,07740456586704947 -1,1217560699446107 3,0460511447889798
0,02497887540225041 -1,0837934122182935 3,122308521085697
-0,02760675666164908 -1,0388911445754876 3,1945812095855013
-0,08001562060707568 -0,9873367795792835 3,2624064428825834
-0,13191213857588036 -0,9294604236674328 3,325349930957951
-0,18296401329935286 -0,8656326634562476 3,383008641970755
-0,23284435582237195 -0,7962621928469049 3,435013382901177
-0,28123377859772813 -0,7217931961279644 3,481031163520824
-0,32782244054836807 -0,6427025038302966 3,520767328553956
-0,3723120310028816 -0,5594965395456881 3,553967444377154
-0,4144176798009434 -0,4727080772588774 3,5804189281767598
-0,4538697813381594 -0,38289282995605883 3,599952409132455
-0,4904157208708264 -0,29062589135325745 3,6124428129112403
-0,5238214920269478 -0,1964980535284394 3,6178101625276975
-0,5538731951664537 -0,10111202403585125 3,6160200904425857
-0,5803784069965252 -0,005078566724673522 3,607084058620753
-0,6031674126722664 0,09098740902738778 3,5910592851393215
-0,6220942924934907 0,18647078562462469 3,5680483778160794
-0,6370378562394288 0,2807601758970989 3,538198677203985
-0,6479024191587341 0,3732518378582139 3,501701313158631
-0,654618414646071 0,46335354050960476 3,458789981019555
-0,6571428396822687 0,5504883559403227 3,409739445241573
-0,6554595301858542 0,634098353439202 3,3548637800575203
-0,6495792645128707 0,713648171966751 3,2945143584375507
-0,6395396944422603 0,788628448111746 3,2290776022218486
-0,6254051040887203 0,8585590775830827 3,1589725078328104
-0,6072659982867301 0,9229922893532994 3,0846479634097568
-0,5852385230813583 0,9815155127698046 3,0065798745447534
-0,5594637220364854 1,0337540192754895 2,9252681170236645
-0,530106633122365 1,0793733218235775 2,84123333608428
-0,49735523196521103 1,118081316623088 2,7550136126860942
-0,4614192282252651 1,1496301535011682 2,667161018137848
-0,4225287228102287 1,173817822906195 2,5782380791438397
-0,38093273452201915 1,1904894493899811 2,4888141759035545
-0,336897605570837 1,1995382832868002 2,3994618963278436
-0,290705296166162 1,2009063842394447 2,3107533697158993
-0,242651579104542 1,194584992195648 2,223256603368759
-0,1930441459143482 1,1806145834993496 2,137531845596255
-0,1422006366840121 1,1590846117176534 2,054127998405374
-0,09044660618888672 1,1301329348629758 1,973579102839838
-0,03811343933978001 1,0939449326779265 1,8964009194755342
0,014463770699303824 1,0507523196350148 1,8230876259671462
0,0669483681376436 1,0008316612516286 1,7541086527918348
0,11900429018989689 0,944502603220434 1,6899056774509387
0,1702982189111369 0,8821258246942033 1,6308897963760485
0,22050171545647254 0,8141007288303458 1,5774388926479435
0,26929332309942733 0,740862885382751 1,52989521638309
0,3163606255432948 0,6628812417162223 1,4885631932806604
0,48700650562031955 0,5148445714009561 1,4703108572086179
0,5774938903388278 0,49578237295035726 1,5084352541094257
0,6642835386779423 0,47354564305035196 1,5529087139089817
0,7468197300570873 0,44827676513821224 1,6034464697327442
0,8245739790973085 0,42013753772070234 1,6597249245671883
0,8970484195525064 0,3893081383661919 1,7213837232755789
0,9637789921840798 0,355985970014271 1,788028059978739
1,0243384161667848 0,3203843969900284 1,859231206026496
1,0783389249996722 0,2827313788163921 1,9345372423729985
1,1254347494038672 0,24326801057232997 2,0134639788603157
1,1653243313090071 0,20224697914310705 2,0955060417179223
1,1977522547520194 0,15993094524734508 2,180138109508581
1,2225108813245509 0,11659086160088383 2,266818276800617
1,239441679697158 0,07250423798636599 2,354991524028751
1,2484362407072123 0,02795336433743638 2,444093271325699
1,2494369715108418 -0,01677649678472246 2,533552993569102
1,242437464354197 -0,061398936748809266 2,6227978734963626
1,2274825376027783 -0,10562823474919664 2,7112564694962327
1,2046679487661014 -0,14918118729752405 2,798362374591997
1,1741397813552368 -0,19177892159571966 2,883557843187517
1,1360935094992097 -0,23314868117929224 2,966297362353816
1,0907727463095973 -0,27302557239728203 3,0460511447889798
1,0384676840076372 -0,3111542605460305 3,122308521085697
0,9795132358018246 -0,34729060479630214 3,1945812095855013
0,9142868914137046 -0,3812032214451902 3,2624064428825834
0,843206299983076 -0,41267496548319565 3,325349930957951
0,7667265958294499 -0,4415043209898927 3,383008641970755
0,6853374841931169 -0,4675066914553695 3,435013382901177
0,599560105616027 -0,4905155817654283 3,481031163520824
0,5099436990400978 -0,5103836642821974 3,520767328553956
0,417062084989373 -0,5269837221939663 3,553967444377154
0,3215099913544814 -0,5402094640939044 3,5804189281767598
0,2238992453056693 -0,549976204571852 3,599952409132455
0,12485485571787684 -0,5562214064613082 3,6124428129112403
0,025011011192368305 -0,5589050812695644 3,6178101625276975
-0,07499298070009765 -0,5580100452269993 3,6160200904425857
-0,17451678695324568 -0,5535420293160372 3,607084058620753
-0,27292314922520694 -0,5455296425752396 3,5910592851393215
-0,3695819642511239 -0,5340241889135009 3,5680483778160794
-0,46387431844127747 -0,5190993386073008 3,538198677203985
-0,5551964508308858 -0,5008506565844375 3,501701313158631
-0,6429636190065119 -0,4793949905146801 3,458789981019555
-0,7266138432552824 -0,45486972262543823 3,409739445241573
-0,8056115049628282 -0,4274318900331313 3,3548637800575203
-0,879450776219159 -0,39725717922283793 3,2945143584375507
-0,9476588586724299 -0,36453880111465214 3,2290776022218486
-1,0097990108919945 -0,32948625391977476 3,1589725078328104
-1,0654733448563045 -0,29232398170786783 3,0846479634097568
-1,1143253736595362 -0,25328993727496707 3,0065798745447534
-1,1560422941237958 -0,21263405851400674 2,9252681170236645
-1,1903569897011552 -0,17061666804388476 2,84123333608428
-1,217049740840797 -0,127506806344351 2,7550136126860942
-1,2359496318696628 -0,0835805090697786 2,667161018137848
-1,2469356453782294 -0,03911903957231998 2,5782380791438397
-1,249937437103995 0,005592912048279975 2,4888141759035545
-1,2449357863510297 0,05026905183659227 2,3994618963278436
-1,2319627190615217 0,09462331514301806 2,3107533697158993
-1,2111013027512865 0,13837169831703558 2,223256603368759
-1,1824851146222757 0,18123407720372606 2,137531845596255
-1,1462973862578094 0,22293600079959286 2,054127998405374
-1,1027698303771036 0,2632104485827727 1,973579102839838
-1,0521811571614756 0,3017995402653192 1,8964009194755342
-0,9948552896523015 0,3384561870198881 1,8230876259671462
-0,931159289647663 0,3729456736078966 1,7541086527918348
-0,8615010073783236 0,4050471612786729 1,6899056774509387
-0,7863264700123319 0,43455510181641976 1,6308897963760485
-0,706117025709855 0,4612805536807455 1,5774388926479435
-0,6213862615150682 0,4850523918134155 1,52989521638309
-0,5326767148200688 0,5057184033648415 1,4885631932806604
0,0 1,25 2,5
0,09994392660901877 1,2459980784631937 2,5
0,19924790481424615 1,2340179384543537 2,5
0,29727608384917004 1,2141362897019845 2,5
0,3934007819843605 1,186480435883413 2,5
0,48700650562031955 1,1512274594898635 2,5
0,5774938903388278 1,108603087954082 2,5
0,6642835386779423 1,0588802483007749 2,5
0,7468197300570873 1,0023773195745498 2,5
0,8245739790973085 0,9394560942351865 2,5
0,8970484195525064 0,870519461573577 2,5
0,9637789921840798 0,7960088279815993 2,5
1,0243384161667848 0,7164012905941215 2,5
1,0783389249996722 0,6322065824005245 2,5
1,1254347494038672 0,543963808386417 2,5
1,1653243313090071 0,45223799360426964 2,5
1,1977522547520194 0,35761646527593477 2,5
1,2225108813245509 0,2607050920927133 2,5
1,239441679697158 0,16212440479301043 2,5
1,2484362407072123 0,06250562285781473 2,5
1,2494369715108418 -0,037513387234639164 2,5
1,242437464354197 -0,13729219631542422 2,5
1,2274825376027783 -0,23619191324057678 2,5
1,2046679487661014 -0,3335792757586628 2,5
1,1741397813552368 -0,4288307053361232 2,5
1,1360935094992097 -0,5213362999770581 2,5
1,0907727463095973 -0,6105037394711181 2,5
1,0384676840076372 -0,6957620780639129 2,5
0,9795132358018246 -0,7765654002651927 2,5
0,9142868914137046 -0,8523963163863773 2,5
0,843206299983076 -0,9227692754252553 2,5
0,7667265958294499 -0,9872336740852105 2,5
0,6853374841931169 -1,0453767420216737 2,5
0,599560105616027 -1,0968261848413805 2,5
0,5099436990400978 -1,1412525679310879 2,5
0,417062084989373 -1,1783714258519327 2,5
0,3215099913544814 -1,2079450837928194 2,5
0,2238992453056693 -1,2297841794199305 2,5
0,12485485571787684 -1,2437488753778505 2,5
0,025011011192368305 -1,2497497546785659 2,5
-0,07499298070009765 -1,2477483932450943 2,5
-0,17451678695324568 -1,2377576059437143 2,5
-0,27292314922520694 -1,2198413645294193 2,5
-0,3695819642511239 -1,1941143880300082 2,5
-0,46387431844127747 -1,1607414081916094 2,5
-0,5551964508308858 -1,1199361146890423 2,5
-0,6429636190065119 -1,0719597868549215 2,5
-0,7266138432552824 -1,0171196206886326 2,5
-0,8056115049628282 -0,955766761857477 2,5
-0,879450776219159 -0,8882940572848153 2,5
-0,9476588586724299 -0,8151335397219694 2,5
-1,0097990108919945 -0,7367536614103453 2,5
-1,0654733448563045 -0,6536562945468498 2,5
-1,1143253736595362 -0,5663735177588506 2,5
-1,1560422941237958 -0,4754642091650971 2,5
-1,1903569897011552 -0,38151046783752113 2,5
-1,217049740840797 -0,28511388657753767 2,5
-1,2359496318696628 -0,18689169987253365 2,5
-1,2469356453782294 -0,08747283169749613 2,5
-1,249937437103995 0,012506131532029292 2,5
-1,2449357863510297 0,11240501707016134 2,5
-1,2319627190615217 0,21158416491444257 2,5
-1,2111013027512865 0,30940852359645343 2,5
-1,1824851146222757 0,405251716463661 2,5
-1,1462973862578094 0,49850005241575873 2,5
-1,1027698303771036 0,5885564554144778 2,5
-1,0521811571614756 0,6748442876059175 2,5
-0,9948552896523015 0,75681104157566 2,5
-0,931159289647663 0,8339318780948834 2,5
-0,8615010073783236 0,9057129867050233 2,5
-0,7863264700123319 0,9716947476229072 2,5
-0,706117025709855 1,0314546747204492 2,5
-0,6213862615150682 1,084610120734786 2,5
-0,5326767148200688 1,1308207273871924 2,5
-0,44055639945755876 1,1697906047224829 2,5
-0,3456151686659835 1,201270225714424 2,5
-0,248460938215317 1,225058024005869 2,5
-0,14971579387713108 1,2410016845531437 2,5
-0,05001200816308024 1,2489991189106162 2,5
